Title,Note,URL,Tags,Comment
,,,,
The Lamb,,https://www.google.com/maps/place/The+Lamb/data=!4m2!3m1!1s0x85d1ff3a610c0001:0x8bcbfa604970f4aa,,
La Once Mil - Roma Norte,,https://www.google.com/maps/place/La+Once+Mil+-+Roma+Norte/data=!4m2!3m1!1s0x85d1ff005adfb7d3:0xd652330b4035e930,,
Panadería Rosetta,,https://www.google.com/maps/place/Panader%C3%ADa+Rosetta/data=!4m2!3m1!1s0x85d1ff3a738df1fb:0xc83c192f6107982c,,
Bagels Lepu,Bagels buenos y grandes,https://www.google.com/maps/place/Bagels+Lepu/data=!4m2!3m1!1s0x85d1ff0065cb765f:0xf8a886f115699fec,,
La Americana,,https://www.google.com/maps/place/La+Americana/data=!4m2!3m1!1s0x85d1ff003bc753e3:0x76b532c620328387,,
Boogie's Pizza,Gran spot para comer rapido y echar una chela porque no hay mucho donde sentarte. La pizza de burrata espectacular. Me quedé con antojo de la de ricotta.,https://www.google.com/maps/place/Boogie's+Pizza/data=!4m2!3m1!1s0x85d1ff2f278baafb:0xf7484f59030a5e3b,,
Lardo,Muy agusto lugar. La hamburguesa buenísima y la lasagna de conejo tambien.,https://www.google.com/maps/place/Lardo/data=!4m2!3m1!1s0x85d1ff45bd47fe73:0x4528d0b3c4abd2b8,,
Félix Parque,,https://www.google.com/maps/place/F%C3%A9lix+Parque/data=!4m2!3m1!1s0x85d1ff0016f49711:0x7694266ba31b39e1,,
GIA,,https://www.google.com/maps/place/GIA/data=!4m2!3m1!1s0x85d1ff6a02f13025:0x8efd2b9f750d53a3,,
Tetetlán,,https://www.google.com/maps/place/Tetetl%C3%A1n/data=!4m2!3m1!1s0x85cdfff13e2a69a7:0x2c5bca334690c7cd,,
Museo de Arte Moderno,,https://www.google.com/maps/place/Museo+de+Arte+Moderno/data=!4m2!3m1!1s0x85d1f92b75aa014d:0x75a3b54be4cda224,,
Museo Tamayo Arte Contemporáneo,,https://www.google.com/maps/place/Museo+Tamayo+Arte+Contempor%C3%A1neo/data=!4m2!3m1!1s0x85d1ff53d2614b4b:0x2cd41906d3e91652,,
Chalino Chino,De sonora mezcla con chino! Buenisismo como de mariscos y asi tipo el fishers,https://www.google.com/maps/place/Chalino+Chino/data=!4m2!3m1!1s0x85d1ff46959eee01:0xf512e3d48eb15566,,
Pisca,,https://www.google.com/maps/place/Pisca/data=!4m2!3m1!1s0x85d1ffc6c0614d69:0xf4037d9a57662c8f,,
Mendl Delicatessen,,https://www.google.com/maps/place/Mendl+Delicatessen/data=!4m2!3m1!1s0x85d1fff467584079:0x5f5782a1e1db88a1,,
MARU CAFÉ ( 마루 ),,https://www.google.com/maps/place/MARU+CAF%C3%89+(+%EB%A7%88%EB%A3%A8+)/data=!4m2!3m1!1s0x85d1ffb9fb008987:0x6eb46cb01f10a621,,
Saint,,https://www.google.com/maps/place/Saint/data=!4m2!3m1!1s0x85d1ffcd3784285d:0xe7ab200d54e4fe35,,
Helados Meñique,,https://www.google.com/maps/place/Helados+Me%C3%B1ique/data=!4m2!3m1!1s0x85d1ff403c9b6687:0x1dad179c083f56a5,,
El Minutito,,https://www.google.com/maps/place/El+Minutito/data=!4m2!3m1!1s0x85d1ff0043621877:0x8f6a5afdf1420789,,
Lagerbar Hércules,Pub mexicano,https://www.google.com/maps/place/Lagerbar+H%C3%A9rcules/data=!4m2!3m1!1s0x85d1ff2aaf89182d:0x14240ca0eb2203a1,,
Nils ı Café de especialidad y Gente Increíble,Buen lugar para cafe y compu,https://www.google.com/maps/place/Nils+%C4%B1+Caf%C3%A9+de+especialidad+y+Gente+Incre%C3%ADble/data=!4m2!3m1!1s0x85d1ff3097bcdd63:0x9fe15247da2899b3,,
ANOTHeR,,https://www.google.com/maps/place/ANOTHeR/data=!4m2!3m1!1s0x85d1ff0010a095fb:0x874144f1becf6e9c,,
Cucurucho Condesa,,https://www.google.com/maps/place/Cucurucho+Condesa/data=!4m2!3m1!1s0x85d1ff1678d3b9a5:0x2a2c396d71052da1,,
Shoma Hand Roll Bar,,https://www.google.com/maps/place/Shoma+Hand+Roll+Bar/data=!4m2!3m1!1s0x85d1ffcffac7bf81:0xd94aa7771b68c1db,,
Qūentin Café,,https://www.google.com/maps/place/Q%C5%ABentin+Caf%C3%A9/data=!4m2!3m1!1s0x85d1ff881f301079:0xa29b2ea96d56a4f7,,
Chabela Bocaderia & Ultramarinos,"Gran lugar de tapas, vermut y asi! ",https://www.google.com/maps/place/Chabela+Bocaderia+%26+Ultramarinos/data=!4m2!3m1!1s0x85d1ff00506da84f:0x5d5778254a9f0bf,,
Del Rio Café,Deli cafe chiquito para sentarte (mxn hjem),https://www.google.com/maps/place/Del+Rio+Caf%C3%A9/data=!4m2!3m1!1s0x85d1ff0007e2fdd9:0x8d6001df6b2205ca,,
Castacán,"Tacos de cochinita deli, me quede con ganas de probar el de verduras",https://www.google.com/maps/place/Castac%C3%A1n/data=!4m2!3m1!1s0x85d1ffe455fe5163:0xef73e31f17baebfd,,
Cedrón,,https://www.google.com/maps/place/Cedr%C3%B3n/data=!4m2!3m1!1s0x85d1ff45ade25bd5:0x790a7f333843cc92,,
Restaurante Torino Santa Fe,,https://www.google.com/maps/place/Restaurante+Torino+Santa+Fe/data=!4m2!3m1!1s0x85d20188fdfc6111:0x39ebe85736e890f,,
SARDE,,https://www.google.com/maps/place/SARDE/data=!4m2!3m1!1s0x85d1ffda2e3c4625:0x4f6da15866a4129a,,
Merotoro,,https://www.google.com/maps/place/Merotoro/data=!4m2!3m1!1s0x85d1ff4041c7d6cd:0xc942a461f2b15ad5,,
Chiquitito Café,,https://www.google.com/maps/place/Chiquitito+Caf%C3%A9/data=!4m2!3m1!1s0x85d1ff003c836799:0x93c1c2ab4e07ed7,,
TRAMPA,Buenos drinks,https://www.google.com/maps/place/TRAMPA/data=!4m2!3m1!1s0x85d1ffa0cb54bb0f:0x69f391760918ecee,,
Caiman,Buen bar,https://www.google.com/maps/place/Caiman/data=!4m2!3m1!1s0x85d1ff474cf3aba9:0x251fd7705986d040,,
El Mekong ទន្លេមេគង្គ,Cantina asiatica con un taco de birria deli! Lo demas pica demasiado como asiatico spicy,https://www.google.com/maps/place/El+Mekong+%E1%9E%91%E1%9E%93%E1%9F%92%E1%9E%9B%E1%9F%81%E1%9E%98%E1%9F%81%E1%9E%82%E1%9E%84%E1%9F%92%E1%9E%82/data=!4m2!3m1!1s0x85d1ff0074baeca7:0xea92db7da3f4c31b,,
Hugo,Wine bar favorito de la cdmx. Gran lugar para cenar en date y compartir platos. Buena musica. Los ñoquis son buenisimos,https://www.google.com/maps/place/Hugo/data=!4m2!3m1!1s0x85d1ffdaf4634243:0xd185f7e52f6b9716,,
Botánico,Muy buen restaurante y tiene una terraza que puedes apartar para drinks y botanas con mas personas. Las tostadas de atun impresionantes,https://www.google.com/maps/place/Bot%C3%A1nico/data=!4m2!3m1!1s0x85d1ffa6074f148f:0x72687d1fd40d86cd,,
Restaurante Castizo,Buen restaurante español con muchas opciones de mesa depende el plan. Buenisimos los arroces y las flores de calabaza rellenas de queso,https://www.google.com/maps/place/Restaurante+Castizo/data=!4m2!3m1!1s0x85d1ff09aa344311:0xb7eb81da3b6c75dd,,
Koku,"Sushi casual favorito de la cdmx. El menu es muy extenso y tienen de todo, desde rollos hasta ramen. Sushi cakes de atun y rollo callo con elote",https://www.google.com/maps/place/Koku/data=!4m2!3m1!1s0x85d1ff5fb2fc892f:0x99cab7751b11c703,,
ODETTE CONDESA,Muy buen cafe y excelente ubicacion y local. El pan lo hacen al momento,https://www.google.com/maps/place/ODETTE+CONDESA/data=!4m2!3m1!1s0x85d1ff05f3996019:0x4fbf318d62cb98d7,,
Canton Mexicali 廣東墨西加利,El mejor restaurante chino de la CDMX probablemente. Buenos los dan dan cacahuate y el pollo general. Cierra tarde,https://www.google.com/maps/place/Canton+Mexicali+%E5%BB%A3%E6%9D%B1%E5%A2%A8%E8%A5%BF%E5%8A%A0%E5%88%A9/data=!4m2!3m1!1s0x85d1ff8cad92027f:0x5c6cc10b834e50fa,,
Bobo Burgers & Café (Condesa),,https://www.google.com/maps/place/Bobo+Burgers+%26+Caf%C3%A9+(Condesa)/data=!4m2!3m1!1s0x85d1ff69ffdd7f8d:0x4da164a55500a1c0,,
CIENA,,https://www.google.com/maps/place/CIENA/data=!4m2!3m1!1s0x85d1ff42c8645973:0x345df2fea91984a,,
Tacos Los Caramelos - Condesa,,https://www.google.com/maps/place/Tacos+Los+Caramelos+-+Condesa/data=!4m2!3m1!1s0x85d1ff1a09ae75db:0x86da44977d2c5293,,
El Jugador Número 12,,https://www.google.com/maps/place/El+Jugador+N%C3%BAmero+12/data=!4m2!3m1!1s0x85d1ffe60ac6f3fd:0x62c19ebcbcb9cf6,,
Nima Local House Hotel & Spa,,https://www.google.com/maps/place/Nima+Local+House+Hotel+%26+Spa/data=!4m2!3m1!1s0x85d1ff39f1ac222b:0x179fc326efc6b5e7,,
Huset,,https://www.google.com/maps/place/Huset/data=!4m2!3m1!1s0x85d1ff39c1498751:0x1da7bb872877380e,,
Maizajo,,https://www.google.com/maps/place/Maizajo/data=!4m2!3m1!1s0x85d1f8662726bc5d:0xd437703208a9d19a,,
Café de Nadie,,https://www.google.com/maps/place/Caf%C3%A9+de+Nadie/data=!4m2!3m1!1s0x85d1ff1edbce70ff:0xdb713a3a894989bc,,
Marmota,,https://www.google.com/maps/place/Marmota/data=!4m2!3m1!1s0x85d1ff15961c2aaf:0xcd3331459a131b84,,
ODETTE,,https://www.google.com/maps/place/ODETTE/data=!4m2!3m1!1s0x85d2019ed4e5d627:0xb699296e5b1042c,,
Koku,Rollo de elote,https://www.google.com/maps/place/Koku/data=!4m2!3m1!1s0x85d1ff35125b2955:0xe1b2bed9ffa11fb,,
Miru,,https://www.google.com/maps/place/Miru/data=!4m2!3m1!1s0x85d2016e34b602c5:0x6373183a8add04ad,,
Tokyo Music Bar,,https://www.google.com/maps/place/Tokyo+Music+Bar/data=!4m2!3m1!1s0x85d1ff8d7e6f294d:0x6f07f510fc94e4aa,,
Le Tachinomi Desu,Restaurante mini y de mis favoritos,https://www.google.com/maps/place/Le+Tachinomi+Desu/data=!4m2!3m1!1s0x85d1ff4aec23a511:0x282bd999a031aec,,
ololo,Bar deli,https://www.google.com/maps/place/ololo/data=!4m2!3m1!1s0x85d1ff789601db3b:0x185e5746da0e77f6,,
Sesame,Baos deli,https://www.google.com/maps/place/Sesame/data=!4m2!3m1!1s0x85d1ff3a7484228b:0xa00a3a365e24ff87,,
Niddo Oxford,,https://www.google.com/maps/place/Niddo+Oxford/data=!4m2!3m1!1s0x85d1ffeb20a1918b:0x80ec2e159839511d,,
Máximo,,https://www.google.com/maps/place/M%C3%A1ximo/data=!4m2!3m1!1s0x85d1ff3be3010d77:0x61a7328c1d52cc2b,,
Puntarena,,https://www.google.com/maps/place/Puntarena/data=!4m2!3m1!1s0x85d2010d1a10adcb:0xf4fee3504d49b2b6,,
Puntarena,,https://www.google.com/maps/place/Puntarena/data=!4m2!3m1!1s0x85d200cc992871b1:0x98e7835f6311b5cb,,
Ginza Barra,,https://www.google.com/maps/place/Ginza+Barra/data=!4m2!3m1!1s0x85d2013b301e79df:0x9e5b05af4ce0ee1d,,
Eno,,https://www.google.com/maps/place/Eno/data=!4m2!3m1!1s0x85d201f2d77708b7:0xd31fb2657959d798,,
Zeru Lomas,,https://www.google.com/maps/place/Zeru+Lomas/data=!4m2!3m1!1s0x85d2016386a96733:0x55c7fcbfdf53822b,,
LaMari,,https://www.google.com/maps/place/LaMari/data=!4m2!3m1!1s0x85d201922fec07dd:0xcf17aaf71c77af2e,,
Sandoi,,https://www.google.com/maps/place/Sandoi/data=!4m2!3m1!1s0x85d2015adacd450f:0x7d8d3d132d12ff6c,,
Roca,,https://www.google.com/maps/place/Roca/data=!4m2!3m1!1s0x85d2018d1482e875:0x1e27dedf1a25f0a2,,
One Pound Terraza,,https://www.google.com/maps/place/One+Pound+Terraza/data=!4m2!3m1!1s0x85d201d2ba6fdcd1:0x3bd34519d6b1e3e5,,
Ajoblanco,,https://www.google.com/maps/place/Ajoblanco/data=!4m2!3m1!1s0x85d201c42d492ddd:0x4914428c6e0f11b3,,
Prendes,,https://www.google.com/maps/place/Prendes/data=!4m2!3m1!1s0x85d1ff634e2a7971:0xa619806d91d2be80,,
Boccado Prendes La Mexicana,,https://www.google.com/maps/place/Boccado+Prendes+La+Mexicana/data=!4m2!3m1!1s0x85d201b6d809bb5b:0x50994797b7d24440,,
Estoril,,https://www.google.com/maps/place/Estoril/data=!4m2!3m1!1s0x85d200c4b98ed481:0xcae37a051ee80a0a,,
Jin San,,https://www.google.com/maps/place/Jin+San/data=!4m2!3m1!1s0x85d200e7c7857b93:0xa65d797e529e51c3,,
Sakai Santa Fe,,https://www.google.com/maps/place/Sakai+Santa+Fe/data=!4m2!3m1!1s0x85d201e2c6ec0c8d:0xf0735b8e46bbe3d8,,
Onomura Santa Fe,,https://www.google.com/maps/place/Onomura+Santa+Fe/data=!4m2!3m1!1s0x85d201446353c655:0x5d069ee5e1c4c774,,
Onomura Prado Norte,,https://www.google.com/maps/place/Onomura+Prado+Norte/data=!4m2!3m1!1s0x85d2015439d13f33:0x2c380b9de92d6fe2,,
Contramar,,https://www.google.com/maps/place/Contramar/data=!4m2!3m1!1s0x85d1ff2fbf2f3f7b:0xe8a4468e5f14a3f,,
La Esquina Del Chilaquil,,https://www.google.com/maps/place/La+Esquina+Del+Chilaquil/data=!4m2!3m1!1s0x85d1ff428f61a6a3:0xec757c64e0f05944,,
Restaurante Rosetta,,https://www.google.com/maps/place/Restaurante+Rosetta/data=!4m2!3m1!1s0x85d1ff035a802175:0x617fedb7ee58dbc0,,
ULTRAMARINOS DEMAR,,https://www.google.com/maps/place/ULTRAMARINOS+DEMAR/data=!4m2!3m1!1s0x85d1ff003cb5ceeb:0x9ecb12cbee322204,,
Havre 77,,https://www.google.com/maps/place/Havre+77/data=!4m2!3m1!1s0x85d1ff316923c3f7:0xe06e213a196ed97c,,
La Bonvi - Virreyes,,https://www.google.com/maps/place/La+Bonvi+-+Virreyes/data=!4m2!3m1!1s0x85d2010043cda13f:0x4eccf415d50fb02b,,
Sartoria,,https://www.google.com/maps/place/Sartoria/data=!4m2!3m1!1s0x85d1ff30eb7ba479:0xa401b90a6b1a4276,,
